typeCode,freqCode,refPeriodId,refYear,refMonth,period,reporterCode,reporterISO,reporterDesc,flowCode,flowDesc,partnerISO,partnerDesc,partner2ISO,partner2Desc,classificationCode,classificationSearchCode,isOriginalClassification,cmdCode,cmdDesc,aggrLevel,customsCode,customsDesc,motDesc,qty,altQty,netWgt,grossWgt,cifvalue,fobvalue,primaryValue,legacyEstimationFlag,isReported
C,A,20130101,2013,52,2013,842,USA,USA,M,Import,W00,World,W00,World,H4,HS,True,7,Vegetables and certain roots and tubers; edible,2,C00,TOTAL CPC,TOTAL MOT,,,,,8768945057,,8768945057,0,True
C,A,20130101,2013,52,2013,842,USA,USA,M,Import,W00,World,W00,World,H4,HS,True,6,"Trees and other plants, live; bulbs, roots and the like; cut flowers and ornamental foliage",2,C00,TOTAL CPC,TOTAL MOT,,,,,1912913068,,1912913068,0,True
C,A,20130101,2013,52,2013,842,USA,USA,M,Import,W00,World,W00,World,H4,HS,True,5,Animal originated products; not elsewhere specified or included,2,C00,TOTAL CPC,TOTAL MOT,,,,,1015425957,,1015425957,0,True
C,A,20130101,2013,52,2013,842,USA,USA,M,Import,W00,World,W00,World,H4,HS,True,4,"Dairy produce; birds' eggs; natural honey; edible products of animal origin, not elsewhere specified or included",2,C00,TOTAL CPC,TOTAL MOT,,,,,2300438891,,2300438891,0,True
C,A,20130101,2013,52,2013,842,USA,USA,M,Import,W00,World,W00,World,H4,HS,True,3,"Fish and crustaceans, molluscs and other aquatic invertebrates",2,C00,TOTAL CPC,TOTAL MOT,,,,,14689189825,,14689189825,0,True
C,A,20130101,2013,52,2013,842,USA,USA,M,Import,W00,World,W00,World,H4,HS,True,2,Meat and edible meat offal,2,C00,TOTAL CPC,TOTAL MOT,,,,,6021620606,,6021620606,0,True
C,A,20130101,2013,52,2013,842,USA,USA,M,Import,W00,World,W00,World,H4,HS,True,1,Animals; live,2,C00,TOTAL CPC,TOTAL MOT,,,,,2672100430,,2672100430,0,True
C,A,20130101,2013,52,2013,842,USA,USA,M,Import,W00,World,W00,World,H4,HS,True,8,"Fruit and nuts, edible; peel of citrus fruit or melons",2,C00,TOTAL CPC,TOTAL MOT,,,,,12472835332,,12472835332,0,True
C,A,20130101,2013,52,2013,842,USA,USA,M,Import,W00,World,W00,World,H4,HS,True,9,"Coffee, tea, mate and spices",2,C00,TOTAL CPC,TOTAL MOT,,,,,7186051396,,7186051396,0,True
C,A,20130101,2013,52,2013,842,USA,USA,M,Import,W00,World,W00,World,H4,HS,True,10,Cereals,2,C00,TOTAL CPC,TOTAL MOT,,,,,4361816392,,4361816392,0,True
C,A,20130101,2013,52,2013,842,USA,USA,M,Import,W00,World,W00,World,H4,HS,True,11,"Products of the milling industry; malt, starches, inulin, wheat gluten",2,C00,TOTAL CPC,TOTAL MOT,,,,,1503378812,,1503378812,0,True
C,A,20130101,2013,52,2013,842,USA,USA,M,Import,W00,World,W00,World,H4,HS,True,14,Vegetable plaiting materials; vegetable products not elsewhere specified or included,2,C00,TOTAL CPC,TOTAL MOT,,,,,88187511,,88187511,0,True
C,A,20130101,2013,52,2013,842,USA,USA,M,Import,W00,World,W00,World,H4,HS,True,15,Animal or vegetable fats and oils and their cleavage products; prepared animal fats; animal or vegetable waxes,2,C00,TOTAL CPC,TOTAL MOT,,,,,6118468497,,6118468497,0,True
C,A,20130101,2013,52,2013,842,USA,USA,M,Import,W00,World,W00,World,H4,HS,True,17,Sugars and sugar confectionery,2,C00,TOTAL CPC,TOTAL MOT,,,,,3988815580,,3988815580,0,True
C,A,20130101,2013,52,2013,842,USA,USA,M,Import,W00,World,W00,World,H4,HS,True,18,Cocoa and cocoa preparations,2,C00,TOTAL CPC,TOTAL MOT,,,,,4279325190,,4279325190,0,True
C,A,20130101,2013,52,2013,842,USA,USA,M,Import,W00,World,W00,World,H4,HS,True,19,"Preparations of cereals, flour, starch or milk; pastrycooks' products",2,C00,TOTAL CPC,TOTAL MOT,,,,,5664324547,,5664324547,0,True
C,A,20130101,2013,52,2013,842,USA,USA,M,Import,W00,World,W00,World,H4,HS,True,20,"Preparations of vegetables, fruit, nuts or other parts of plants",2,C00,TOTAL CPC,TOTAL MOT,,,,,7276820173,,7276820173,0,True
C,A,20130101,2013,52,2013,842,USA,USA,M,Import,W00,World,W00,World,H4,HS,True,21,Miscellaneous edible preparations,2,C00,TOTAL CPC,TOTAL MOT,,,,,4304948847,,4304948847,0,True
C,A,20130101,2013,52,2013,842,USA,USA,M,Import,W00,World,W00,World,H4,HS,True,22,"Beverages, spirits and vinegar",2,C00,TOTAL CPC,TOTAL MOT,,,,,21130293053,,21130293053,0,True
C,A,20130101,2013,52,2013,842,USA,USA,M,Import,W00,World,W00,World,H4,HS,True,23,"Food industries, residues and wastes thereof; prepared animal fodder",2,C00,TOTAL CPC,TOTAL MOT,,,,,2902498790,,2902498790,0,True
C,A,20130101,2013,52,2013,842,USA,USA,M,Import,W00,World,W00,World,H4,HS,True,12,"Oil seeds and oleaginous fruits; miscellaneous grains, seeds and fruit, industrial or medicinal plants; straw and fodder",2,C00,TOTAL CPC,TOTAL MOT,,,,,3061913520,,3061913520,0,True
C,A,20130101,2013,52,2013,842,USA,USA,M,Import,W00,World,W00,World,H4,HS,True,13,"Lac; gums, resins and other vegetable saps and extracts",2,C00,TOTAL CPC,TOTAL MOT,,,,,2712534202,,2712534202,0,True
C,A,20130101,2013,52,2013,842,USA,USA,M,Import,W00,World,W00,World,H4,HS,True,16,"Meat, fish or crustaceans, molluscs or other aquatic invertebrates; preparations thereof",2,C00,TOTAL CPC,TOTAL MOT,,,,,4731037762,,4731037762,0,True
C,A,20130101,2013,52,2013,842,USA,USA,M,Import,W00,World,W00,World,H4,HS,True,24,Tobacco and manufactured tobacco substitutes,2,C00,TOTAL CPC,TOTAL MOT,,,,,2221677527,,2221677527,0,True
C,A,20130101,2013,52,2013,842,USA,USA,M,Import,W00,World,W00,World,H4,HS,True,25,"Salt; sulphur; earths, stone; plastering materials, lime and cement",2,C00,TOTAL CPC,TOTAL MOT,,,,,3256414816,,3256414816,0,True
C,A,20140101,2014,52,2014,842,USA,USA,M,Import,W00,World,W00,World,H4,HS,True,5,Animal originated products; not elsewhere specified or included,2,C00,TOTAL CPC,TOTAL MOT,,,,,1119842183,,1119842183,0,True
C,A,20140101,2014,52,2014,842,USA,USA,M,Import,W00,World,W00,World,H4,HS,True,4,"Dairy produce; birds' eggs; natural honey; edible products of animal origin, not elsewhere specified or included",2,C00,TOTAL CPC,TOTAL MOT,,,,,2603317575,,2603317575,0,True
C,A,20140101,2014,52,2014,842,USA,USA,M,Import,W00,World,W00,World,H4,HS,True,10,Cereals,2,C00,TOTAL CPC,TOTAL MOT,,,,,3458934816,,3458934816,0,True
C,A,20140101,2014,52,2014,842,USA,USA,M,Import,W00,World,W00,World,H4,HS,True,3,"Fish and crustaceans, molluscs and other aquatic invertebrates",2,C00,TOTAL CPC,TOTAL MOT,,,,,16689404544,,16689404544,0,True
C,A,20140101,2014,52,2014,842,USA,USA,M,Import,W00,World,W00,World,H4,HS,True,7,Vegetables and certain roots and tubers; edible,2,C00,TOTAL CPC,TOTAL MOT,,,,,8953995119,,8953995119,0,True
C,A,20140101,2014,52,2014,842,USA,USA,M,Import,W00,World,W00,World,H4,HS,True,6,"Trees and other plants, live; bulbs, roots and the like; cut flowers and ornamental foliage",2,C00,TOTAL CPC,TOTAL MOT,,,,,1967405650,,1967405650,0,True
C,A,20140101,2014,52,2014,842,USA,USA,M,Import,W00,World,W00,World,H4,HS,True,8,"Fruit and nuts, edible; peel of citrus fruit or melons",2,C00,TOTAL CPC,TOTAL MOT,,,,,13969901027,,13969901027,0,True
C,A,20140101,2014,52,2014,842,USA,USA,M,Import,W00,World,W00,World,H4,HS,True,17,Sugars and sugar confectionery,2,C00,TOTAL CPC,TOTAL MOT,,,,,4148549504,,4148549504,0,True
C,A,20140101,2014,52,2014,842,USA,USA,M,Import,W00,World,W00,World,H4,HS,True,9,"Coffee, tea, mate and spices",2,C00,TOTAL CPC,TOTAL MOT,,,,,7881467614,,7881467614,0,True
C,A,20140101,2014,52,2014,842,USA,USA,M,Import,W00,World,W00,World,H4,HS,True,2,Meat and edible meat offal,2,C00,TOTAL CPC,TOTAL MOT,,,,,8433931340,,8433931340,0,True
C,A,20140101,2014,52,2014,842,USA,USA,M,Import,W00,World,W00,World,H4,HS,True,1,Animals; live,2,C00,TOTAL CPC,TOTAL MOT,,,,,3572881876,,3572881876,0,True
C,A,20140101,2014,52,2014,842,USA,USA,M,Import,W00,World,W00,World,H4,HS,True,13,"Lac; gums, resins and other vegetable saps and extracts",2,C00,TOTAL CPC,TOTAL MOT,,,,,2302560157,,2302560157,0,True
C,A,20140101,2014,52,2014,842,USA,USA,M,Import,W00,World,W00,World,H4,HS,True,14,Vegetable plaiting materials; vegetable products not elsewhere specified or included,2,C00,TOTAL CPC,TOTAL MOT,,,,,99264361,,99264361,0,True
C,A,20140101,2014,52,2014,842,USA,USA,M,Import,W00,World,W00,World,H4,HS,True,15,Animal or vegetable fats and oils and their cleavage products; prepared animal fats; animal or vegetable waxes,2,C00,TOTAL CPC,TOTAL MOT,,,,,6154633665,,6154633665,0,True
C,A,20140101,2014,52,2014,842,USA,USA,M,Import,W00,World,W00,World,H4,HS,True,16,"Meat, fish or crustaceans, molluscs or other aquatic invertebrates; preparations thereof",2,C00,TOTAL CPC,TOTAL MOT,,,,,5113541071,,5113541071,0,True
C,A,20140101,2014,52,2014,842,USA,USA,M,Import,W00,World,W00,World,H4,HS,True,18,Cocoa and cocoa preparations,2,C00,TOTAL CPC,TOTAL MOT,,,,,4851676879,,4851676879,0,True
C,A,20140101,2014,52,2014,842,USA,USA,M,Import,W00,World,W00,World,H4,HS,True,19,"Preparations of cereals, flour, starch or milk; pastrycooks' products",2,C00,TOTAL CPC,TOTAL MOT,,,,,5888333309,,5888333309,0,True
C,A,20140101,2014,52,2014,842,USA,USA,M,Import,W00,World,W00,World,H4,HS,True,11,"Products of the milling industry; malt, starches, inulin, wheat gluten",2,C00,TOTAL CPC,TOTAL MOT,,,,,1635598103,,1635598103,0,True
C,A,20140101,2014,52,2014,842,USA,USA,M,Import,W00,World,W00,World,H4,HS,True,12,"Oil seeds and oleaginous fruits; miscellaneous grains, seeds and fruit, industrial or medicinal plants; straw and fodder",2,C00,TOTAL CPC,TOTAL MOT,,,,,3730604557,,3730604557,0,True
C,A,20140101,2014,52,2014,842,USA,USA,M,Import,W00,World,W00,World,H4,HS,True,21,Miscellaneous edible preparations,2,C00,TOTAL CPC,TOTAL MOT,,,,,4339797909,,4339797909,0,True
C,A,20140101,2014,52,2014,842,USA,USA,M,Import,W00,World,W00,World,H4,HS,True,22,"Beverages, spirits and vinegar",2,C00,TOTAL CPC,TOTAL MOT,,,,,21206259579,,21206259579,0,True
C,A,20140101,2014,52,2014,842,USA,USA,M,Import,W00,World,W00,World,H4,HS,True,23,"Food industries, residues and wastes thereof; prepared animal fodder",2,C00,TOTAL CPC,TOTAL MOT,,,,,3123665732,,3123665732,0,True
C,A,20140101,2014,52,2014,842,USA,USA,M,Import,W00,World,W00,World,H4,HS,True,24,Tobacco and manufactured tobacco substitutes,2,C00,TOTAL CPC,TOTAL MOT,,,,,2096576835,,2096576835,0,True
C,A,20140101,2014,52,2014,842,USA,USA,M,Import,W00,World,W00,World,H4,HS,True,25,"Salt; sulphur; earths, stone; plastering materials, lime and cement",2,C00,TOTAL CPC,TOTAL MOT,,,,,3628148737,,3628148737,0,True
C,A,20140101,2014,52,2014,842,USA,USA,M,Import,W00,World,W00,World,H4,HS,True,20,"Preparations of vegetables, fruit, nuts or other parts of plants",2,C00,TOTAL CPC,TOTAL MOT,,,,,7432227470,,7432227470,0,True
C,A,20150101,2015,52,2015,842,USA,USA,M,Import,W00,World,W00,World,H4,HS,True,6,"Trees and other plants, live; bulbs, roots and the like; cut flowers and ornamental foliage",2,C00,TOTAL CPC,TOTAL MOT,,,,,2011797476,,2011797476,0,True
C,A,20150101,2015,52,2015,842,USA,USA,M,Import,W00,World,W00,World,H4,HS,True,5,Animal originated products; not elsewhere specified or included,2,C00,TOTAL CPC,TOTAL MOT,,,,,1074051186,,1074051186,0,True
C,A,20150101,2015,52,2015,842,USA,USA,M,Import,W00,World,W00,World,H4,HS,True,4,"Dairy produce; birds' eggs; natural honey; edible products of animal origin, not elsewhere specified or included",2,C00,TOTAL CPC,TOTAL MOT,,,,,2820284122,,2820284122,0,True
C,A,20150101,2015,52,2015,842,USA,USA,M,Import,W00,World,W00,World,H4,HS,True,3,"Fish and crustaceans, molluscs and other aquatic invertebrates",2,C00,TOTAL CPC,TOTAL MOT,,,,,15498425775,,15498425775,0,True
C,A,20150101,2015,52,2015,842,USA,USA,M,Import,W00,World,W00,World,H4,HS,True,2,Meat and edible meat offal,2,C00,TOTAL CPC,TOTAL MOT,,,,,9361155651,,9361155651,0,True
C,A,20150101,2015,52,2015,842,USA,USA,M,Import,W00,World,W00,World,H4,HS,True,1,Animals; live,2,C00,TOTAL CPC,TOTAL MOT,,,,,3323896980,,3323896980,0,True
C,A,20150101,2015,52,2015,842,USA,USA,M,Import,W00,World,W00,World,H4,HS,True,7,Vegetables and certain roots and tubers; edible,2,C00,TOTAL CPC,TOTAL MOT,,,,,9283668503,,9283668503,0,True
C,A,20150101,2015,52,2015,842,USA,USA,M,Import,W00,World,W00,World,H4,HS,True,8,"Fruit and nuts, edible; peel of citrus fruit or melons",2,C00,TOTAL CPC,TOTAL MOT,,,,,15428068585,,15428068585,0,True
C,A,20150101,2015,52,2015,842,USA,USA,M,Import,W00,World,W00,World,H4,HS,True,9,"Coffee, tea, mate and spices",2,C00,TOTAL CPC,TOTAL MOT,,,,,8176661496,,8176661496,0,True
C,A,20150101,2015,52,2015,842,USA,USA,M,Import,W00,World,W00,World,H4,HS,True,10,Cereals,2,C00,TOTAL CPC,TOTAL MOT,,,,,2800409503,,2800409503,0,True
C,A,20150101,2015,52,2015,842,USA,USA,M,Import,W00,World,W00,World,H4,HS,True,11,"Products of the milling industry; malt, starches, inulin, wheat gluten",2,C00,TOTAL CPC,TOTAL MOT,,,,,1663149294,,1663149294,0,True
C,A,20150101,2015,52,2015,842,USA,USA,M,Import,W00,World,W00,World,H4,HS,True,12,"Oil seeds and oleaginous fruits; miscellaneous grains, seeds and fruit, industrial or medicinal plants; straw and fodder",2,C00,TOTAL CPC,TOTAL MOT,,,,,2669125940,,2669125940,0,True
C,A,20150101,2015,52,2015,842,USA,USA,M,Import,W00,World,W00,World,H4,HS,True,16,"Meat, fish or crustaceans, molluscs or other aquatic invertebrates; preparations thereof",2,C00,TOTAL CPC,TOTAL MOT,,,,,4960745752,,4960745752,0,True
C,A,20150101,2015,52,2015,842,USA,USA,M,Import,W00,World,W00,World,H4,HS,True,17,Sugars and sugar confectionery,2,C00,TOTAL CPC,TOTAL MOT,,,,,4225259979,,4225259979,0,True
C,A,20150101,2015,52,2015,842,USA,USA,M,Import,W00,World,W00,World,H4,HS,True,18,Cocoa and cocoa preparations,2,C00,TOTAL CPC,TOTAL MOT,,,,,4983867450,,4983867450,0,True
C,A,20150101,2015,52,2015,842,USA,USA,M,Import,W00,World,W00,World,H4,HS,True,19,"Preparations of cereals, flour, starch or milk; pastrycooks' products",2,C00,TOTAL CPC,TOTAL MOT,,,,,6292327499,,6292327499,0,True
C,A,20150101,2015,52,2015,842,USA,USA,M,Import,W00,World,W00,World,H4,HS,True,20,"Preparations of vegetables, fruit, nuts or other parts of plants",2,C00,TOTAL CPC,TOTAL MOT,,,,,7722117489,,7722117489,0,True
C,A,20150101,2015,52,2015,842,USA,USA,M,Import,W00,World,W00,World,H4,HS,True,21,Miscellaneous edible preparations,2,C00,TOTAL CPC,TOTAL MOT,,,,,4392828087,,4392828087,0,True
C,A,20150101,2015,52,2015,842,USA,USA,M,Import,W00,World,W00,World,H4,HS,True,13,"Lac; gums, resins and other vegetable saps and extracts",2,C00,TOTAL CPC,TOTAL MOT,,,,,1718104511,,1718104511,0,True
C,A,20150101,2015,52,2015,842,USA,USA,M,Import,W00,World,W00,World,H4,HS,True,14,Vegetable plaiting materials; vegetable products not elsewhere specified or included,2,C00,TOTAL CPC,TOTAL MOT,,,,,111637952,,111637952,0,True
C,A,20150101,2015,52,2015,842,USA,USA,M,Import,W00,World,W00,World,H4,HS,True,15,Animal or vegetable fats and oils and their cleavage products; prepared animal fats; animal or vegetable waxes,2,C00,TOTAL CPC,TOTAL MOT,,,,,6018380580,,6018380580,0,True
C,A,20150101,2015,52,2015,842,USA,USA,M,Import,W00,World,W00,World,H4,HS,True,25,"Salt; sulphur; earths, stone; plastering materials, lime and cement",2,C00,TOTAL CPC,TOTAL MOT,,,,,3768312951,,3768312951,0,True
C,A,20150101,2015,52,2015,842,USA,USA,M,Import,W00,World,W00,World,H4,HS,True,22,"Beverages, spirits and vinegar",2,C00,TOTAL CPC,TOTAL MOT,,,,,22200787248,,22200787248,0,True
C,A,20150101,2015,52,2015,842,USA,USA,M,Import,W00,World,W00,World,H4,HS,True,23,"Food industries, residues and wastes thereof; prepared animal fodder",2,C00,TOTAL CPC,TOTAL MOT,,,,,2983483678,,2983483678,0,True
C,A,20150101,2015,52,2015,842,USA,USA,M,Import,W00,World,W00,World,H4,HS,True,24,Tobacco and manufactured tobacco substitutes,2,C00,TOTAL CPC,TOTAL MOT,,,,,2097265006,,2097265006,0,True
C,A,20160101,2016,52,2016,842,USA,USA,M,Import,W00,World,W00,World,H4,HS,True,1,Animals; live,2,C00,TOTAL CPC,TOTAL MOT,0.0,0.0,,0.0,2823247271,,2823247271,0,False
C,A,20160101,2016,52,2016,842,USA,USA,M,Import,W00,World,W00,World,H4,HS,True,9,"Coffee, tea, mate and spices",2,C00,TOTAL CPC,TOTAL MOT,0.0,0.0,0.0,0.0,7939327614,,7939327614,4,False
C,A,20160101,2016,52,2016,842,USA,USA,M,Import,W00,World,W00,World,H4,HS,True,12,"Oil seeds and oleaginous fruits; miscellaneous grains, seeds and fruit, industrial or medicinal plants; straw and fodder",2,C00,TOTAL CPC,TOTAL MOT,0.0,0.0,0.0,0.0,2431515226,,2431515226,4,False
C,A,20160101,2016,52,2016,842,USA,USA,M,Import,W00,World,W00,World,H4,HS,True,15,Animal or vegetable fats and oils and their cleavage products; prepared animal fats; animal or vegetable waxes,2,C00,TOTAL CPC,TOTAL MOT,0.0,0.0,0.0,0.0,6402908859,,6402908859,4,False
C,A,20160101,2016,52,2016,842,USA,USA,M,Import,W00,World,W00,World,H4,HS,True,18,Cocoa and cocoa preparations,2,C00,TOTAL CPC,TOTAL MOT,0.0,0.0,0.0,0.0,5208798972,,5208798972,4,False
C,A,20160101,2016,52,2016,842,USA,USA,M,Import,W00,World,W00,World,H4,HS,True,21,Miscellaneous edible preparations,2,C00,TOTAL CPC,TOTAL MOT,0.0,0.0,0.0,0.0,4511229759,,4511229759,4,False
C,A,20160101,2016,52,2016,842,USA,USA,M,Import,W00,World,W00,World,H4,HS,True,4,"Dairy produce; birds' eggs; natural honey; edible products of animal origin, not elsewhere specified or included",2,C00,TOTAL CPC,TOTAL MOT,0.0,0.0,,0.0,2508089981,,2508089981,0,False
C,A,20160101,2016,52,2016,842,USA,USA,M,Import,W00,World,W00,World,H4,HS,True,3,"Fish and crustaceans, molluscs and other aquatic invertebrates",2,C00,TOTAL CPC,TOTAL MOT,0.0,0.0,,0.0,16366241946,,16366241946,0,False
C,A,20160101,2016,52,2016,842,USA,USA,M,Import,W00,World,W00,World,H4,HS,True,5,Animal originated products; not elsewhere specified or included,2,C00,TOTAL CPC,TOTAL MOT,0.0,0.0,,0.0,992465324,,992465324,0,False
C,A,20160101,2016,52,2016,842,USA,USA,M,Import,W00,World,W00,World,H4,HS,True,6,"Trees and other plants, live; bulbs, roots and the like; cut flowers and ornamental foliage",2,C00,TOTAL CPC,TOTAL MOT,0.0,0.0,,0.0,2164139081,,2164139081,0,False
C,A,20160101,2016,52,2016,842,USA,USA,M,Import,W00,World,W00,World,H4,HS,True,24,Tobacco and manufactured tobacco substitutes,2,C00,TOTAL CPC,TOTAL MOT,0.0,0.0,0.0,0.0,2199372852,,2199372852,0,False
C,A,20160101,2016,52,2016,842,USA,USA,M,Import,W00,World,W00,World,H4,HS,True,2,Meat and edible meat offal,2,C00,TOTAL CPC,TOTAL MOT,0.0,0.0,0.0,0.0,7908001110,,7908001110,0,False
C,A,20160101,2016,52,2016,842,USA,USA,M,Import,W00,World,W00,World,H4,HS,True,16,"Meat, fish or crustaceans, molluscs or other aquatic invertebrates; preparations thereof",2,C00,TOTAL CPC,TOTAL MOT,0.0,0.0,0.0,0.0,4808515870,,4808515870,0,False
C,A,20160101,2016,52,2016,842,USA,USA,M,Import,W00,World,W00,World,H4,HS,True,23,"Food industries, residues and wastes thereof; prepared animal fodder",2,C00,TOTAL CPC,TOTAL MOT,0.0,0.0,0.0,0.0,2813974537,,2813974537,0,False
C,A,20160101,2016,52,2016,842,USA,USA,M,Import,W00,World,W00,World,H4,HS,True,7,Vegetables and certain roots and tubers; edible,2,C00,TOTAL CPC,TOTAL MOT,0.0,0.0,0.0,0.0,10309868213,,10309868213,4,False
C,A,20160101,2016,52,2016,842,USA,USA,M,Import,W00,World,W00,World,H4,HS,True,8,"Fruit and nuts, edible; peel of citrus fruit or melons",2,C00,TOTAL CPC,TOTAL MOT,0.0,0.0,0.0,0.0,16716508875,,16716508875,4,False
C,A,20160101,2016,52,2016,842,USA,USA,M,Import,W00,World,W00,World,H4,HS,True,10,Cereals,2,C00,TOTAL CPC,TOTAL MOT,0.0,0.0,0.0,0.0,2310866352,,2310866352,4,False
C,A,20160101,2016,52,2016,842,USA,USA,M,Import,W00,World,W00,World,H4,HS,True,11,"Products of the milling industry; malt, starches, inulin, wheat gluten",2,C00,TOTAL CPC,TOTAL MOT,0.0,0.0,0.0,0.0,1663048508,,1663048508,4,False
C,A,20160101,2016,52,2016,842,USA,USA,M,Import,W00,World,W00,World,H4,HS,True,13,"Lac; gums, resins and other vegetable saps and extracts",2,C00,TOTAL CPC,TOTAL MOT,0.0,0.0,0.0,0.0,1315073287,,1315073287,4,False
C,A,20160101,2016,52,2016,842,USA,USA,M,Import,W00,World,W00,World,H4,HS,True,14,Vegetable plaiting materials; vegetable products not elsewhere specified or included,2,C00,TOTAL CPC,TOTAL MOT,0.0,0.0,0.0,0.0,128717371,,128717371,4,False
C,A,20160101,2016,52,2016,842,USA,USA,M,Import,W00,World,W00,World,H4,HS,True,17,Sugars and sugar confectionery,2,C00,TOTAL CPC,TOTAL MOT,0.0,0.0,0.0,0.0,4372998612,,4372998612,4,False
C,A,20160101,2016,52,2016,842,USA,USA,M,Import,W00,World,W00,World,H4,HS,True,19,"Preparations of cereals, flour, starch or milk; pastrycooks' products",2,C00,TOTAL CPC,TOTAL MOT,0.0,0.0,0.0,0.0,6893175144,,6893175144,4,False
C,A,20160101,2016,52,2016,842,USA,USA,M,Import,W00,World,W00,World,H4,HS,True,20,"Preparations of vegetables, fruit, nuts or other parts of plants",2,C00,TOTAL CPC,TOTAL MOT,0.0,0.0,0.0,0.0,7939716918,,7939716918,4,False
C,A,20160101,2016,52,2016,842,USA,USA,M,Import,W00,World,W00,World,H4,HS,True,22,"Beverages, spirits and vinegar",2,C00,TOTAL CPC,TOTAL MOT,0.0,0.0,0.0,0.0,23291688158,,23291688158,4,False
C,A,20160101,2016,52,2016,842,USA,USA,M,Import,W00,World,W00,World,H4,HS,True,25,"Salt; sulphur; earths, stone; plastering materials, lime and cement",2,C00,TOTAL CPC,TOTAL MOT,0.0,0.0,0.0,0.0,3298436393,,3298436393,4,False
C,A,20170101,2017,52,2017,842,USA,USA,M,Import,W00,World,W00,World,H5,HS,True,1,Animals; live,2,C00,TOTAL CPC,TOTAL MOT,0.0,0.0,0.0,0.0,2845110677,0.0,2845110677,4,False
C,A,20170101,2017,52,2017,842,USA,USA,M,Import,W00,World,W00,World,H5,HS,True,3,"Fish and crustaceans, molluscs and other aquatic invertebrates",2,C00,TOTAL CPC,TOTAL MOT,0.0,0.0,0.0,0.0,17901328287,0.0,17901328287,4,False
C,A,20170101,2017,52,2017,842,USA,USA,M,Import,W00,World,W00,World,H5,HS,True,4,"Dairy produce; birds' eggs; natural honey; edible products of animal origin, not elsewhere specified or included",2,C00,TOTAL CPC,TOTAL MOT,0.0,0.0,0.0,0.0,2601547958,0.0,2601547958,4,False
C,A,20170101,2017,52,2017,842,USA,USA,M,Import,W00,World,W00,World,H5,HS,True,5,Animal originated products; not elsewhere specified or included,2,C00,TOTAL CPC,TOTAL MOT,0.0,0.0,0.0,0.0,1112500054,0.0,1112500054,4,False
C,A,20170101,2017,52,2017,842,USA,USA,M,Import,W00,World,W00,World,H5,HS,True,6,"Trees and other plants, live; bulbs, roots and the like; cut flowers and ornamental foliage",2,C00,TOTAL CPC,TOTAL MOT,0.0,0.0,0.0,0.0,2277650397,0.0,2277650397,4,False
C,A,20170101,2017,52,2017,842,USA,USA,M,Import,W00,World,W00,World,H5,HS,True,7,Vegetables and certain roots and tubers; edible,2,C00,TOTAL CPC,TOTAL MOT,0.0,0.0,0.0,0.0,10287827032,0.0,10287827032,4,False
C,A,20170101,2017,52,2017,842,USA,USA,M,Import,W00,World,W00,World,H5,HS,True,8,"Fruit and nuts, edible; peel of citrus fruit or melons",2,C00,TOTAL CPC,TOTAL MOT,0.0,0.0,0.0,0.0,18097735056,0.0,18097735056,4,False
C,A,20170101,2017,52,2017,842,USA,USA,M,Import,W00,World,W00,World,H5,HS,True,9,"Coffee, tea, mate and spices",2,C00,TOTAL CPC,TOTAL MOT,0.0,0.0,0.0,0.0,8661637017,0.0,8661637017,4,False
C,A,20170101,2017,52,2017,842,USA,USA,M,Import,W00,World,W00,World,H5,HS,True,10,Cereals,2,C00,TOTAL CPC,TOTAL MOT,0.0,0.0,0.0,0.0,2466772215,0.0,2466772215,4,False
C,A,20170101,2017,52,2017,842,USA,USA,M,Import,W00,World,W00,World,H5,HS,True,11,"Products of the milling industry; malt, starches, inulin, wheat gluten",2,C00,TOTAL CPC,TOTAL MOT,0.0,0.0,0.0,0.0,1740672917,0.0,1740672917,4,False
C,A,20170101,2017,52,2017,842,USA,USA,M,Import,W00,World,W00,World,H5,HS,True,12,"Oil seeds and oleaginous fruits; miscellaneous grains, seeds and fruit, industrial or medicinal plants; straw and fodder",2,C00,TOTAL CPC,TOTAL MOT,0.0,0.0,0.0,0.0,2454282739,0.0,2454282739,4,False
C,A,20170101,2017,52,2017,842,USA,USA,M,Import,W00,World,W00,World,H5,HS,True,13,"Lac; gums, resins and other vegetable saps and extracts",2,C00,TOTAL CPC,TOTAL MOT,0.0,0.0,0.0,0.0,1510289451,0.0,1510289451,4,False
C,A,20170101,2017,52,2017,842,USA,USA,M,Import,W00,World,W00,World,H5,HS,True,14,Vegetable plaiting materials; vegetable products not elsewhere specified or included,2,C00,TOTAL CPC,TOTAL MOT,0.0,0.0,0.0,0.0,124094177,0.0,124094177,4,False
C,A,20170101,2017,52,2017,842,USA,USA,M,Import,W00,World,W00,World,H5,HS,True,15,Animal or vegetable fats and oils and their cleavage products; prepared animal fats; animal or vegetable waxes,2,C00,TOTAL CPC,TOTAL MOT,0.0,0.0,0.0,0.0,7182323428,0.0,7182323428,4,False
C,A,20170101,2017,52,2017,842,USA,USA,M,Import,W00,World,W00,World,H5,HS,True,17,Sugars and sugar confectionery,2,C00,TOTAL CPC,TOTAL MOT,0.0,0.0,0.0,0.0,4250260265,0.0,4250260265,4,False
C,A,20170101,2017,52,2017,842,USA,USA,M,Import,W00,World,W00,World,H5,HS,True,18,Cocoa and cocoa preparations,2,C00,TOTAL CPC,TOTAL MOT,0.0,0.0,0.0,0.0,5145880844,0.0,5145880844,4,False
C,A,20170101,2017,52,2017,842,USA,USA,M,Import,W00,World,W00,World,H5,HS,True,19,"Preparations of cereals, flour, starch or milk; pastrycooks' products",2,C00,TOTAL CPC,TOTAL MOT,0.0,0.0,0.0,0.0,7362989215,0.0,7362989215,4,False
C,A,20170101,2017,52,2017,842,USA,USA,M,Import,W00,World,W00,World,H5,HS,True,20,"Preparations of vegetables, fruit, nuts or other parts of plants",2,C00,TOTAL CPC,TOTAL MOT,0.0,0.0,0.0,0.0,8558104820,0.0,8558104820,4,False
C,A,20170101,2017,52,2017,842,USA,USA,M,Import,W00,World,W00,World,H5,HS,True,21,Miscellaneous edible preparations,2,C00,TOTAL CPC,TOTAL MOT,0.0,0.0,0.0,0.0,4805668582,0.0,4805668582,4,False
C,A,20170101,2017,52,2017,842,USA,USA,M,Import,W00,World,W00,World,H5,HS,True,22,"Beverages, spirits and vinegar",2,C00,TOTAL CPC,TOTAL MOT,0.0,0.0,0.0,0.0,24675283943,0.0,24675283943,4,False
C,A,20170101,2017,52,2017,842,USA,USA,M,Import,W00,World,W00,World,H5,HS,True,25,"Salt; sulphur; earths, stone; plastering materials, lime and cement",2,C00,TOTAL CPC,TOTAL MOT,0.0,0.0,0.0,0.0,3756746574,0.0,3756746574,4,False
C,A,20170101,2017,52,2017,842,USA,USA,M,Import,W00,World,W00,World,H5,HS,True,2,Meat and edible meat offal,2,C00,TOTAL CPC,TOTAL MOT,0.0,0.0,0.0,0.0,8203505526,0.0,8203505526,0,False
C,A,20170101,2017,52,2017,842,USA,USA,M,Import,W00,World,W00,World,H5,HS,True,16,"Meat, fish or crustaceans, molluscs or other aquatic invertebrates; preparations thereof",2,C00,TOTAL CPC,TOTAL MOT,0.0,0.0,0.0,0.0,5428447783,0.0,5428447783,0,False
C,A,20170101,2017,52,2017,842,USA,USA,M,Import,W00,World,W00,World,H5,HS,True,23,"Food industries, residues and wastes thereof; prepared animal fodder",2,C00,TOTAL CPC,TOTAL MOT,0.0,0.0,0.0,0.0,2934224007,0.0,2934224007,0,False
C,A,20170101,2017,52,2017,842,USA,USA,M,Import,W00,World,W00,World,H5,HS,True,24,Tobacco and manufactured tobacco substitutes,2,C00,TOTAL CPC,TOTAL MOT,0.0,0.0,0.0,0.0,2173591950,0.0,2173591950,0,False
C,A,20180101,2018,52,2018,842,USA,USA,M,Import,W00,World,W00,World,H5,HS,True,1,Animals; live,2,C00,TOTAL CPC,TOTAL MOT,0.0,0.0,0.0,0.0,2783132644,0.0,2783132644,4,False
C,A,20180101,2018,52,2018,842,USA,USA,M,Import,W00,World,W00,World,H5,HS,True,5,Animal originated products; not elsewhere specified or included,2,C00,TOTAL CPC,TOTAL MOT,0.0,0.0,0.0,0.0,1179711487,0.0,1179711487,4,False
C,A,20180101,2018,52,2018,842,USA,USA,M,Import,W00,World,W00,World,H5,HS,True,6,"Trees and other plants, live; bulbs, roots and the like; cut flowers and ornamental foliage",2,C00,TOTAL CPC,TOTAL MOT,0.0,0.0,0.0,0.0,2435235786,0.0,2435235786,4,False
C,A,20180101,2018,52,2018,842,USA,USA,M,Import,W00,World,W00,World,H5,HS,True,25,"Salt; sulphur; earths, stone; plastering materials, lime and cement",2,C00,TOTAL CPC,TOTAL MOT,0.0,0.0,0.0,0.0,4552938784,0.0,4552938784,4,False
C,A,20180101,2018,52,2018,842,USA,USA,M,Import,W00,World,W00,World,H5,HS,True,3,"Fish and crustaceans, molluscs and other aquatic invertebrates",2,C00,TOTAL CPC,TOTAL MOT,0.0,0.0,0.0,0.0,18516223156,0.0,18516223156,4,False
C,A,20180101,2018,52,2018,842,USA,USA,M,Import,W00,World,W00,World,H5,HS,True,4,"Dairy produce; birds' eggs; natural honey; edible products of animal origin, not elsewhere specified or included",2,C00,TOTAL CPC,TOTAL MOT,0.0,0.0,0.0,0.0,2707049764,0.0,2707049764,4,False
C,A,20180101,2018,52,2018,842,USA,USA,M,Import,W00,World,W00,World,H5,HS,True,7,Vegetables and certain roots and tubers; edible,2,C00,TOTAL CPC,TOTAL MOT,0.0,0.0,0.0,0.0,10935876086,0.0,10935876086,4,False
C,A,20180101,2018,52,2018,842,USA,USA,M,Import,W00,World,W00,World,H5,HS,True,8,"Fruit and nuts, edible; peel of citrus fruit or melons",2,C00,TOTAL CPC,TOTAL MOT,0.0,0.0,0.0,0.0,18911887036,0.0,18911887036,4,False
C,A,20180101,2018,52,2018,842,USA,USA,M,Import,W00,World,W00,World,H5,HS,True,9,"Coffee, tea, mate and spices",2,C00,TOTAL CPC,TOTAL MOT,0.0,0.0,0.0,0.0,8029704205,0.0,8029704205,4,False
C,A,20180101,2018,52,2018,842,USA,USA,M,Import,W00,World,W00,World,H5,HS,True,10,Cereals,2,C00,TOTAL CPC,TOTAL MOT,0.0,0.0,0.0,0.0,2699593929,0.0,2699593929,4,False
C,A,20180101,2018,52,2018,842,USA,USA,M,Import,W00,World,W00,World,H5,HS,True,11,"Products of the milling industry; malt, starches, inulin, wheat gluten",2,C00,TOTAL CPC,TOTAL MOT,0.0,0.0,0.0,0.0,2021097452,0.0,2021097452,4,False
C,A,20180101,2018,52,2018,842,USA,USA,M,Import,W00,World,W00,World,H5,HS,True,12,"Oil seeds and oleaginous fruits; miscellaneous grains, seeds and fruit, industrial or medicinal plants; straw and fodder",2,C00,TOTAL CPC,TOTAL MOT,0.0,0.0,0.0,0.0,2528637833,0.0,2528637833,4,False
C,A,20180101,2018,52,2018,842,USA,USA,M,Import,W00,World,W00,World,H5,HS,True,13,"Lac; gums, resins and other vegetable saps and extracts",2,C00,TOTAL CPC,TOTAL MOT,0.0,0.0,0.0,0.0,1667036255,0.0,1667036255,4,False
C,A,20180101,2018,52,2018,842,USA,USA,M,Import,W00,World,W00,World,H5,HS,True,14,Vegetable plaiting materials; vegetable products not elsewhere specified or included,2,C00,TOTAL CPC,TOTAL MOT,0.0,0.0,0.0,0.0,115648023,0.0,115648023,4,False
C,A,20180101,2018,52,2018,842,USA,USA,M,Import,W00,World,W00,World,H5,HS,True,15,Animal or vegetable fats and oils and their cleavage products; prepared animal fats; animal or vegetable waxes,2,C00,TOTAL CPC,TOTAL MOT,0.0,0.0,0.0,0.0,7081796536,0.0,7081796536,4,False
C,A,20180101,2018,52,2018,842,USA,USA,M,Import,W00,World,W00,World,H5,HS,True,17,Sugars and sugar confectionery,2,C00,TOTAL CPC,TOTAL MOT,0.0,0.0,0.0,0.0,4368819191,0.0,4368819191,4,False
C,A,20180101,2018,52,2018,842,USA,USA,M,Import,W00,World,W00,World,H5,HS,True,18,Cocoa and cocoa preparations,2,C00,TOTAL CPC,TOTAL MOT,0.0,0.0,0.0,0.0,4856588191,0.0,4856588191,4,False
C,A,20180101,2018,52,2018,842,USA,USA,M,Import,W00,World,W00,World,H5,HS,True,19,"Preparations of cereals, flour, starch or milk; pastrycooks' products",2,C00,TOTAL CPC,TOTAL MOT,0.0,0.0,0.0,0.0,8175083447,0.0,8175083447,4,False
C,A,20180101,2018,52,2018,842,USA,USA,M,Import,W00,World,W00,World,H5,HS,True,20,"Preparations of vegetables, fruit, nuts or other parts of plants",2,C00,TOTAL CPC,TOTAL MOT,0.0,0.0,0.0,0.0,9298642296,0.0,9298642296,4,False
C,A,20180101,2018,52,2018,842,USA,USA,M,Import,W00,World,W00,World,H5,HS,True,21,Miscellaneous edible preparations,2,C00,TOTAL CPC,TOTAL MOT,0.0,0.0,0.0,0.0,7940758325,0.0,7940758325,4,False
C,A,20180101,2018,52,2018,842,USA,USA,M,Import,W00,World,W00,World,H5,HS,True,22,"Beverages, spirits and vinegar",2,C00,TOTAL CPC,TOTAL MOT,0.0,0.0,0.0,0.0,26087265327,0.0,26087265327,4,False
C,A,20180101,2018,52,2018,842,USA,USA,M,Import,W00,World,W00,World,H5,HS,True,24,Tobacco and manufactured tobacco substitutes,2,C00,TOTAL CPC,TOTAL MOT,0.0,0.0,0.0,0.0,2246922311,0.0,2246922311,4,False
C,A,20180101,2018,52,2018,842,USA,USA,M,Import,W00,World,W00,World,H5,HS,True,2,Meat and edible meat offal,2,C00,TOTAL CPC,TOTAL MOT,0.0,0.0,0.0,0.0,8427160832,0.0,8427160832,0,False
C,A,20180101,2018,52,2018,842,USA,USA,M,Import,W00,World,W00,World,H5,HS,True,16,"Meat, fish or crustaceans, molluscs or other aquatic invertebrates; preparations thereof",2,C00,TOTAL CPC,TOTAL MOT,0.0,0.0,0.0,0.0,5982315119,0.0,5982315119,0,False
C,A,20180101,2018,52,2018,842,USA,USA,M,Import,W00,World,W00,World,H5,HS,True,23,"Food industries, residues and wastes thereof; prepared animal fodder",2,C00,TOTAL CPC,TOTAL MOT,0.0,0.0,0.0,0.0,3346439702,0.0,3346439702,0,False
C,A,20190101,2019,52,2019,842,USA,USA,M,Import,W00,World,W00,World,H5,HS,True,4,"Dairy produce; birds' eggs; natural honey; edible products of animal origin, not elsewhere specified or included",2,C00,TOTAL CPC,TOTAL MOT,0.0,0.0,0.0,0.0,2788670323,2685245893.0,2788670323,4,False
C,A,20190101,2019,52,2019,842,USA,USA,M,Import,W00,World,W00,World,H5,HS,True,7,Vegetables and certain roots and tubers; edible,2,C00,TOTAL CPC,TOTAL MOT,0.0,0.0,0.0,0.0,11487648815,10811934754.0,11487648815,4,False
C,A,20190101,2019,52,2019,842,USA,USA,M,Import,W00,World,W00,World,H5,HS,True,8,"Fruit and nuts, edible; peel of citrus fruit or melons",2,C00,TOTAL CPC,TOTAL MOT,0.0,0.0,0.0,0.0,19547138268,18130647886.0,19547138268,4,False
C,A,20190101,2019,52,2019,842,USA,USA,M,Import,W00,World,W00,World,H5,HS,True,9,"Coffee, tea, mate and spices",2,C00,TOTAL CPC,TOTAL MOT,0.0,0.0,0.0,0.0,8055220402,7832652147.0,8055220402,4,False
C,A,20190101,2019,52,2019,842,USA,USA,M,Import,W00,World,W00,World,H5,HS,True,10,Cereals,2,C00,TOTAL CPC,TOTAL MOT,0.0,0.0,0.0,0.0,2476832082,2354173177.0,2476832082,4,False
C,A,20190101,2019,52,2019,842,USA,USA,M,Import,W00,World,W00,World,H5,HS,True,11,"Products of the milling industry; malt, starches, inulin, wheat gluten",2,C00,TOTAL CPC,TOTAL MOT,0.0,0.0,0.0,0.0,2032297286,1900603448.0,2032297286,4,False
C,A,20190101,2019,52,2019,842,USA,USA,M,Import,W00,World,W00,World,H5,HS,True,12,"Oil seeds and oleaginous fruits; miscellaneous grains, seeds and fruit, industrial or medicinal plants; straw and fodder",2,C00,TOTAL CPC,TOTAL MOT,0.0,0.0,0.0,0.0,2399357061,2305769263.0,2399357061,4,False
C,A,20190101,2019,52,2019,842,USA,USA,M,Import,W00,World,W00,World,H5,HS,True,13,"Lac; gums, resins and other vegetable saps and extracts",2,C00,TOTAL CPC,TOTAL MOT,0.0,0.0,0.0,0.0,1572078601,1531235373.0,1572078601,4,False
C,A,20190101,2019,52,2019,842,USA,USA,M,Import,W00,World,W00,World,H5,HS,True,14,Vegetable plaiting materials; vegetable products not elsewhere specified or included,2,C00,TOTAL CPC,TOTAL MOT,0.0,0.0,0.0,0.0,131930054,117721407.0,131930054,4,False
C,A,20190101,2019,52,2019,842,USA,USA,M,Import,W00,World,W00,World,H5,HS,True,15,Animal or vegetable fats and oils and their cleavage products; prepared animal fats; animal or vegetable waxes,2,C00,TOTAL CPC,TOTAL MOT,0.0,0.0,0.0,0.0,6459229971,6247984590.0,6459229971,4,False
C,A,20190101,2019,52,2019,842,USA,USA,M,Import,W00,World,W00,World,H5,HS,True,17,Sugars and sugar confectionery,2,C00,TOTAL CPC,TOTAL MOT,0.0,0.0,0.0,0.0,4434290824,4267336995.0,4434290824,4,False
C,A,20190101,2019,52,2019,842,USA,USA,M,Import,W00,World,W00,World,H5,HS,True,18,Cocoa and cocoa preparations,2,C00,TOTAL CPC,TOTAL MOT,0.0,0.0,0.0,0.0,5127504349,5003622531.0,5127504349,4,False
C,A,20190101,2019,52,2019,842,USA,USA,M,Import,W00,World,W00,World,H5,HS,True,19,"Preparations of cereals, flour, starch or milk; pastrycooks' products",2,C00,TOTAL CPC,TOTAL MOT,0.0,0.0,0.0,0.0,8809104655,8482697839.0,8809104655,4,False
C,A,20190101,2019,52,2019,842,USA,USA,M,Import,W00,World,W00,World,H5,HS,True,21,Miscellaneous edible preparations,2,C00,TOTAL CPC,TOTAL MOT,0.0,0.0,0.0,0.0,8571086695,8375146123.0,8571086695,4,False
C,A,20190101,2019,52,2019,842,USA,USA,M,Import,W00,World,W00,World,H5,HS,True,23,"Food industries, residues and wastes thereof; prepared animal fodder",2,C00,TOTAL CPC,TOTAL MOT,0.0,0.0,0.0,0.0,3379452305,3229335346.0,3379452305,4,False
C,A,20190101,2019,52,2019,842,USA,USA,M,Import,W00,World,W00,World,H5,HS,True,24,Tobacco and manufactured tobacco substitutes,2,C00,TOTAL CPC,TOTAL MOT,0.0,0.0,0.0,0.0,2190278060,2143345308.0,2190278060,4,False
C,A,20190101,2019,52,2019,842,USA,USA,M,Import,W00,World,W00,World,H5,HS,True,25,"Salt; sulphur; earths, stone; plastering materials, lime and cement",2,C00,TOTAL CPC,TOTAL MOT,0.0,0.0,0.0,0.0,4477918930,3846015890.0,4477918930,4,False
C,A,20190101,2019,52,2019,842,USA,USA,M,Import,W00,World,W00,World,H5,HS,True,22,"Beverages, spirits and vinegar",2,C00,TOTAL CPC,TOTAL MOT,0.0,0.0,0.0,0.0,27555437754,26468638234.0,27555437754,4,False
C,A,20190101,2019,52,2019,842,USA,USA,M,Import,W00,World,W00,World,H5,HS,True,2,Meat and edible meat offal,2,C00,TOTAL CPC,TOTAL MOT,0.0,0.0,0.0,0.0,8764365118,8612654614.0,8764365118,0,False
C,A,20190101,2019,52,2019,842,USA,USA,M,Import,W00,World,W00,World,H5,HS,True,16,"Meat, fish or crustaceans, molluscs or other aquatic invertebrates; preparations thereof",2,C00,TOTAL CPC,TOTAL MOT,0.0,0.0,0.0,0.0,5654695308,5511734066.0,5654695308,0,False
C,A,20190101,2019,52,2019,842,USA,USA,M,Import,W00,World,W00,World,H5,HS,True,20,"Preparations of vegetables, fruit, nuts or other parts of plants",2,C00,TOTAL CPC,TOTAL MOT,0.0,0.0,0.0,0.0,8982270862,8459480664.0,8982270862,0,False
C,A,20190101,2019,52,2019,842,USA,USA,M,Import,W00,World,W00,World,H5,HS,True,1,Animals; live,2,C00,TOTAL CPC,TOTAL MOT,0.0,0.0,0.0,0.0,3047602381,3011132425.0,3047602381,4,False
C,A,20190101,2019,52,2019,842,USA,USA,M,Import,W00,World,W00,World,H5,HS,True,3,"Fish and crustaceans, molluscs and other aquatic invertebrates",2,C00,TOTAL CPC,TOTAL MOT,0.0,0.0,0.0,0.0,18501028398,17474729251.0,18501028398,4,False
C,A,20190101,2019,52,2019,842,USA,USA,M,Import,W00,World,W00,World,H5,HS,True,5,Animal originated products; not elsewhere specified or included,2,C00,TOTAL CPC,TOTAL MOT,0.0,0.0,0.0,0.0,1064785610,1019942184.0,1064785610,4,False
C,A,20190101,2019,52,2019,842,USA,USA,M,Import,W00,World,W00,World,H5,HS,True,6,"Trees and other plants, live; bulbs, roots and the like; cut flowers and ornamental foliage",2,C00,TOTAL CPC,TOTAL MOT,0.0,0.0,0.0,0.0,2585839730,2233717259.0,2585839730,4,False
C,A,20200101,2020,52,2020,842,USA,USA,M,Import,W00,World,W00,World,H5,HS,True,2,Meat and edible meat offal,2,C00,TOTAL CPC,TOTAL MOT,0.0,0.0,0.0,0.0,9455097419,0.0,9455097419,4,False
C,A,20200101,2020,52,2020,842,USA,USA,M,Import,W00,World,W00,World,H5,HS,True,3,"Fish and crustaceans, molluscs and other aquatic invertebrates",2,C00,TOTAL CPC,TOTAL MOT,0.0,0.0,0.0,0.0,17538349771,0.0,17538349771,4,False
C,A,20200101,2020,52,2020,842,USA,USA,M,Import,W00,World,W00,World,H5,HS,True,5,Animal originated products; not elsewhere specified or included,2,C00,TOTAL CPC,TOTAL MOT,0.0,0.0,0.0,0.0,989023616,0.0,989023616,4,False
C,A,20200101,2020,52,2020,842,USA,USA,M,Import,W00,World,W00,World,H5,HS,True,6,"Trees and other plants, live; bulbs, roots and the like; cut flowers and ornamental foliage",2,C00,TOTAL CPC,TOTAL MOT,0.0,0.0,0.0,0.0,2560641889,0.0,2560641889,4,False
C,A,20200101,2020,52,2020,842,USA,USA,M,Import,W00,World,W00,World,H5,HS,True,7,Vegetables and certain roots and tubers; edible,2,C00,TOTAL CPC,TOTAL MOT,0.0,0.0,0.0,0.0,12787129748,0.0,12787129748,4,False
C,A,20200101,2020,52,2020,842,USA,USA,M,Import,W00,World,W00,World,H5,HS,True,8,"Fruit and nuts, edible; peel of citrus fruit or melons",2,C00,TOTAL CPC,TOTAL MOT,0.0,0.0,0.0,0.0,19474513771,0.0,19474513771,4,False
C,A,20200101,2020,52,2020,842,USA,USA,M,Import,W00,World,W00,World,H5,HS,True,9,"Coffee, tea, mate and spices",2,C00,TOTAL CPC,TOTAL MOT,0.0,0.0,0.0,0.0,7899993718,0.0,7899993718,4,False
C,A,20200101,2020,52,2020,842,USA,USA,M,Import,W00,World,W00,World,H5,HS,True,10,Cereals,2,C00,TOTAL CPC,TOTAL MOT,0.0,0.0,0.0,0.0,2692710193,0.0,2692710193,4,False
C,A,20200101,2020,52,2020,842,USA,USA,M,Import,W00,World,W00,World,H5,HS,True,11,"Products of the milling industry; malt, starches, inulin, wheat gluten",2,C00,TOTAL CPC,TOTAL MOT,0.0,0.0,0.0,0.0,2022167470,0.0,2022167470,4,False
C,A,20200101,2020,52,2020,842,USA,USA,M,Import,W00,World,W00,World,H5,HS,True,12,"Oil seeds and oleaginous fruits; miscellaneous grains, seeds and fruit, industrial or medicinal plants; straw and fodder",2,C00,TOTAL CPC,TOTAL MOT,0.0,0.0,0.0,0.0,2519553293,0.0,2519553293,4,False
C,A,20200101,2020,52,2020,842,USA,USA,M,Import,W00,World,W00,World,H5,HS,True,15,Animal or vegetable fats and oils and their cleavage products; prepared animal fats; animal or vegetable waxes,2,C00,TOTAL CPC,TOTAL MOT,0.0,0.0,0.0,0.0,6867804394,0.0,6867804394,4,False
C,A,20200101,2020,52,2020,842,USA,USA,M,Import,W00,World,W00,World,H5,HS,True,16,"Meat, fish or crustaceans, molluscs or other aquatic invertebrates; preparations thereof",2,C00,TOTAL CPC,TOTAL MOT,0.0,0.0,0.0,0.0,6080139330,0.0,6080139330,4,False
C,A,20200101,2020,52,2020,842,USA,USA,M,Import,W00,World,W00,World,H5,HS,True,17,Sugars and sugar confectionery,2,C00,TOTAL CPC,TOTAL MOT,0.0,0.0,0.0,0.0,4911293814,0.0,4911293814,4,False
C,A,20200101,2020,52,2020,842,USA,USA,M,Import,W00,World,W00,World,H5,HS,True,19,"Preparations of cereals, flour, starch or milk; pastrycooks' products",2,C00,TOTAL CPC,TOTAL MOT,0.0,0.0,0.0,0.0,9544458301,0.0,9544458301,4,False
C,A,20200101,2020,52,2020,842,USA,USA,M,Import,W00,World,W00,World,H5,HS,True,20,"Preparations of vegetables, fruit, nuts or other parts of plants",2,C00,TOTAL CPC,TOTAL MOT,0.0,0.0,0.0,0.0,9150987266,0.0,9150987266,4,False
C,A,20200101,2020,52,2020,842,USA,USA,M,Import,W00,World,W00,World,H5,HS,True,22,"Beverages, spirits and vinegar",2,C00,TOTAL CPC,TOTAL MOT,0.0,0.0,0.0,0.0,26892915123,0.0,26892915123,4,False
C,A,20200101,2020,52,2020,842,USA,USA,M,Import,W00,World,W00,World,H5,HS,True,23,"Food industries, residues and wastes thereof; prepared animal fodder",2,C00,TOTAL CPC,TOTAL MOT,0.0,0.0,0.0,0.0,3700007240,0.0,3700007240,4,False
C,A,20200101,2020,52,2020,842,USA,USA,M,Import,W00,World,W00,World,H5,HS,True,25,"Salt; sulphur; earths, stone; plastering materials, lime and cement",2,C00,TOTAL CPC,TOTAL MOT,0.0,0.0,0.0,0.0,4049505627,0.0,4049505627,4,False
C,A,20200101,2020,52,2020,842,USA,USA,M,Import,W00,World,W00,World,H5,HS,True,13,"Lac; gums, resins and other vegetable saps and extracts",2,C00,TOTAL CPC,TOTAL MOT,0.0,0.0,0.0,0.0,1543724506,0.0,1543724506,0,False
C,A,20200101,2020,52,2020,842,USA,USA,M,Import,W00,World,W00,World,H5,HS,True,18,Cocoa and cocoa preparations,2,C00,TOTAL CPC,TOTAL MOT,0.0,0.0,0.0,0.0,5189357598,0.0,5189357598,0,False
C,A,20200101,2020,52,2020,842,USA,USA,M,Import,W00,World,W00,World,H5,HS,True,21,Miscellaneous edible preparations,2,C00,TOTAL CPC,TOTAL MOT,0.0,0.0,0.0,0.0,9767480033,0.0,9767480033,0,False
C,A,20200101,2020,52,2020,842,USA,USA,M,Import,W00,World,W00,World,H5,HS,True,24,Tobacco and manufactured tobacco substitutes,2,C00,TOTAL CPC,TOTAL MOT,0.0,0.0,0.0,0.0,2166833408,0.0,2166833408,0,False
C,A,20200101,2020,52,2020,842,USA,USA,M,Import,W00,World,W00,World,H5,HS,True,1,Animals; live,2,C00,TOTAL CPC,TOTAL MOT,0.0,0.0,0.0,0.0,2960871121,0.0,2960871121,4,False
C,A,20200101,2020,52,2020,842,USA,USA,M,Import,W00,World,W00,World,H5,HS,True,4,"Dairy produce; birds' eggs; natural honey; edible products of animal origin, not elsewhere specified or included",2,C00,TOTAL CPC,TOTAL MOT,0.0,0.0,0.0,0.0,2704773889,0.0,2704773889,4,False
C,A,20200101,2020,52,2020,842,USA,USA,M,Import,W00,World,W00,World,H5,HS,True,14,Vegetable plaiting materials; vegetable products not elsewhere specified or included,2,C00,TOTAL CPC,TOTAL MOT,0.0,0.0,0.0,0.0,177252925,0.0,177252925,4,False
C,A,20210101,2021,52,2021,842,USA,USA,M,Import,W00,World,W00,World,H5,HS,True,1,Animals; live,2,C00,TOTAL CPC,TOTAL MOT,0.0,0.0,0.0,0.0,3353883591,0.0,3353883591,4,False
C,A,20210101,2021,52,2021,842,USA,USA,M,Import,W00,World,W00,World,H5,HS,True,25,"Salt; sulphur; earths, stone; plastering materials, lime and cement",2,C00,TOTAL CPC,TOTAL MOT,0.0,0.0,0.0,0.0,5190270952,0.0,5190270952,4,False
C,A,20210101,2021,52,2021,842,USA,USA,M,Import,W00,World,W00,World,H5,HS,True,2,Meat and edible meat offal,2,C00,TOTAL CPC,TOTAL MOT,0.0,0.0,0.0,0.0,11995695705,0.0,11995695705,4,False
C,A,20210101,2021,52,2021,842,USA,USA,M,Import,W00,World,W00,World,H5,HS,True,3,"Fish and crustaceans, molluscs and other aquatic invertebrates",2,C00,TOTAL CPC,TOTAL MOT,0.0,0.0,0.0,0.0,23683287740,0.0,23683287740,4,False
C,A,20210101,2021,52,2021,842,USA,USA,M,Import,W00,World,W00,World,H5,HS,True,4,"Dairy produce; birds' eggs; natural honey; edible products of animal origin, not elsewhere specified or included",2,C00,TOTAL CPC,TOTAL MOT,0.0,0.0,0.0,0.0,3298344177,0.0,3298344177,4,False
C,A,20210101,2021,52,2021,842,USA,USA,M,Import,W00,World,W00,World,H5,HS,True,5,Animal originated products; not elsewhere specified or included,2,C00,TOTAL CPC,TOTAL MOT,0.0,0.0,0.0,0.0,1192051235,0.0,1192051235,4,False
C,A,20210101,2021,52,2021,842,USA,USA,M,Import,W00,World,W00,World,H5,HS,True,6,"Trees and other plants, live; bulbs, roots and the like; cut flowers and ornamental foliage",2,C00,TOTAL CPC,TOTAL MOT,0.0,0.0,0.0,0.0,3562677662,0.0,3562677662,4,False
C,A,20210101,2021,52,2021,842,USA,USA,M,Import,W00,World,W00,World,H5,HS,True,7,Vegetables and certain roots and tubers; edible,2,C00,TOTAL CPC,TOTAL MOT,0.0,0.0,0.0,0.0,13488094814,0.0,13488094814,4,False
C,A,20210101,2021,52,2021,842,USA,USA,M,Import,W00,World,W00,World,H5,HS,True,8,"Fruit and nuts, edible; peel of citrus fruit or melons",2,C00,TOTAL CPC,TOTAL MOT,0.0,0.0,0.0,0.0,22231605582,0.0,22231605582,4,False
C,A,20210101,2021,52,2021,842,USA,USA,M,Import,W00,World,W00,World,H5,HS,True,9,"Coffee, tea, mate and spices",2,C00,TOTAL CPC,TOTAL MOT,0.0,0.0,0.0,0.0,9438594423,0.0,9438594423,4,False
C,A,20210101,2021,52,2021,842,USA,USA,M,Import,W00,World,W00,World,H5,HS,True,10,Cereals,2,C00,TOTAL CPC,TOTAL MOT,0.0,0.0,0.0,0.0,2376027357,0.0,2376027357,4,False
C,A,20210101,2021,52,2021,842,USA,USA,M,Import,W00,World,W00,World,H5,HS,True,11,"Products of the milling industry; malt, starches, inulin, wheat gluten",2,C00,TOTAL CPC,TOTAL MOT,0.0,0.0,0.0,0.0,2301069871,0.0,2301069871,4,False
C,A,20210101,2021,52,2021,842,USA,USA,M,Import,W00,World,W00,World,H5,HS,True,12,"Oil seeds and oleaginous fruits; miscellaneous grains, seeds and fruit, industrial or medicinal plants; straw and fodder",2,C00,TOTAL CPC,TOTAL MOT,0.0,0.0,0.0,0.0,2906548383,0.0,2906548383,4,False
C,A,20210101,2021,52,2021,842,USA,USA,M,Import,W00,World,W00,World,H5,HS,True,13,"Lac; gums, resins and other vegetable saps and extracts",2,C00,TOTAL CPC,TOTAL MOT,0.0,0.0,0.0,0.0,1843245406,0.0,1843245406,4,False
C,A,20210101,2021,52,2021,842,USA,USA,M,Import,W00,World,W00,World,H5,HS,True,14,Vegetable plaiting materials; vegetable products not elsewhere specified or included,2,C00,TOTAL CPC,TOTAL MOT,0.0,0.0,0.0,0.0,223410236,0.0,223410236,4,False
C,A,20210101,2021,52,2021,842,USA,USA,M,Import,W00,World,W00,World,H5,HS,True,15,Animal or vegetable fats and oils and their cleavage products; prepared animal fats; animal or vegetable waxes,2,C00,TOTAL CPC,TOTAL MOT,0.0,0.0,0.0,0.0,10198766234,0.0,10198766234,4,False
C,A,20210101,2021,52,2021,842,USA,USA,M,Import,W00,World,W00,World,H5,HS,True,16,"Meat, fish or crustaceans, molluscs or other aquatic invertebrates; preparations thereof",2,C00,TOTAL CPC,TOTAL MOT,0.0,0.0,0.0,0.0,7349319253,0.0,7349319253,4,False
C,A,20210101,2021,52,2021,842,USA,USA,M,Import,W00,World,W00,World,H5,HS,True,17,Sugars and sugar confectionery,2,C00,TOTAL CPC,TOTAL MOT,0.0,0.0,0.0,0.0,5234274590,0.0,5234274590,4,False
C,A,20210101,2021,52,2021,842,USA,USA,M,Import,W00,World,W00,World,H5,HS,True,18,Cocoa and cocoa preparations,2,C00,TOTAL CPC,TOTAL MOT,0.0,0.0,0.0,0.0,5808627285,0.0,5808627285,4,False
C,A,20210101,2021,52,2021,842,USA,USA,M,Import,W00,World,W00,World,H5,HS,True,19,"Preparations of cereals, flour, starch or milk; pastrycooks' products",2,C00,TOTAL CPC,TOTAL MOT,0.0,0.0,0.0,0.0,11043383532,0.0,11043383532,4,False
C,A,20210101,2021,52,2021,842,USA,USA,M,Import,W00,World,W00,World,H5,HS,True,20,"Preparations of vegetables, fruit, nuts or other parts of plants",2,C00,TOTAL CPC,TOTAL MOT,0.0,0.0,0.0,0.0,10981555041,0.0,10981555041,4,False
C,A,20210101,2021,52,2021,842,USA,USA,M,Import,W00,World,W00,World,H5,HS,True,21,Miscellaneous edible preparations,2,C00,TOTAL CPC,TOTAL MOT,0.0,0.0,0.0,0.0,11123905316,0.0,11123905316,4,False
C,A,20210101,2021,52,2021,842,USA,USA,M,Import,W00,World,W00,World,H5,HS,True,22,"Beverages, spirits and vinegar",2,C00,TOTAL CPC,TOTAL MOT,0.0,0.0,0.0,0.0,30989922861,0.0,30989922861,4,False
C,A,20210101,2021,52,2021,842,USA,USA,M,Import,W00,World,W00,World,H5,HS,True,23,"Food industries, residues and wastes thereof; prepared animal fodder",2,C00,TOTAL CPC,TOTAL MOT,0.0,0.0,0.0,0.0,4632334498,0.0,4632334498,4,False
C,A,20210101,2021,52,2021,842,USA,USA,M,Import,W00,World,W00,World,H5,HS,True,24,Tobacco and manufactured tobacco substitutes,2,C00,TOTAL CPC,TOTAL MOT,0.0,0.0,0.0,0.0,2617615742,0.0,2617615742,4,False
C,A,20220101,2022,52,2022,842,USA,USA,M,Import,W00,World,W00,World,H6,HS,True,14,Vegetable plaiting materials; vegetable products not elsewhere specified or included,2,C00,TOTAL CPC,TOTAL MOT,0.0,0.0,0.0,0.0,196822313,161403318.0,196822313,4,False
C,A,20220101,2022,52,2022,842,USA,USA,M,Import,W00,World,W00,World,H6,HS,True,10,Cereals,2,C00,TOTAL CPC,TOTAL MOT,0.0,0.0,0.0,0.0,3357379382,3056776246.0,3357379382,4,False
C,A,20220101,2022,52,2022,842,USA,USA,M,Import,W00,World,W00,World,H6,HS,True,13,"Lac; gums, resins and other vegetable saps and extracts",2,C00,TOTAL CPC,TOTAL MOT,0.0,0.0,0.0,0.0,2108440005,2023479773.0,2108440005,4,False
C,A,20220101,2022,52,2022,842,USA,USA,M,Import,W00,World,W00,World,H6,HS,True,20,"Preparations of vegetables, fruit, nuts or other parts of plants",2,C00,TOTAL CPC,TOTAL MOT,0.0,0.0,0.0,0.0,13668877308,12376966623.0,13668877308,4,False
C,A,20220101,2022,52,2022,842,USA,USA,M,Import,W00,World,W00,World,H6,HS,True,8,"Fruit and nuts, edible; peel of citrus fruit or melons",2,C00,TOTAL CPC,TOTAL MOT,0.0,0.0,0.0,0.0,24120676970,22224587207.0,24120676970,4,False
C,A,20220101,2022,52,2022,842,USA,USA,M,Import,W00,World,W00,World,H6,HS,True,18,Cocoa and cocoa preparations,2,C00,TOTAL CPC,TOTAL MOT,0.0,0.0,0.0,0.0,6313981743,6087285329.0,6313981743,4,False
C,A,20220101,2022,52,2022,842,USA,USA,M,Import,W00,World,W00,World,H6,HS,True,11,"Products of the milling industry; malt, starches, inulin, wheat gluten",2,C00,TOTAL CPC,TOTAL MOT,0.0,0.0,0.0,0.0,2922741884,2674715863.0,2922741884,4,False
C,A,20220101,2022,52,2022,842,USA,USA,M,Import,W00,World,W00,World,H6,HS,True,15,"Animal, vegetable or microbial fats and oils and their cleavage products; prepared edible fats; animal or vegetable waxes",2,C00,TOTAL CPC,TOTAL MOT,0.0,0.0,0.0,0.0,14451439750,14043525478.0,14451439750,4,False
C,A,20220101,2022,52,2022,842,USA,USA,M,Import,W00,World,W00,World,H6,HS,True,23,"Food industries, residues and wastes thereof; prepared animal fodder",2,C00,TOTAL CPC,TOTAL MOT,0.0,0.0,0.0,0.0,5619357054,5250829104.0,5619357054,4,False
C,A,20220101,2022,52,2022,842,USA,USA,M,Import,W00,World,W00,World,H6,HS,True,17,Sugars and sugar confectionery,2,C00,TOTAL CPC,TOTAL MOT,0.0,0.0,0.0,0.0,6474233050,6131272072.0,6474233050,4,False
C,A,20220101,2022,52,2022,842,USA,USA,M,Import,W00,World,W00,World,H6,HS,True,3,"Fish and crustaceans, molluscs and other aquatic invertebrates",2,C00,TOTAL CPC,TOTAL MOT,0.0,0.0,0.0,0.0,25187792870,23502103438.0,25187792870,0,False
C,A,20220101,2022,52,2022,842,USA,USA,M,Import,W00,World,W00,World,H6,HS,True,2,Meat and edible meat offal,2,C00,TOTAL CPC,TOTAL MOT,0.0,0.0,0.0,0.0,12964608899,12719963124.0,12964608899,0,False
C,A,20220101,2022,52,2022,842,USA,USA,M,Import,W00,World,W00,World,H6,HS,True,22,"Beverages, spirits and vinegar",2,C00,TOTAL CPC,TOTAL MOT,0.0,0.0,0.0,0.0,33727110940,32109948572.0,33727110940,4,False
C,A,20220101,2022,52,2022,842,USA,USA,M,Import,W00,World,W00,World,H6,HS,True,19,"Preparations of cereals, flour, starch or milk; pastrycooks' products",2,C00,TOTAL CPC,TOTAL MOT,0.0,0.0,,0.0,14028956498,13220394449.0,14028956498,0,False
C,A,20220101,2022,52,2022,842,USA,USA,M,Import,W00,World,W00,World,H6,HS,True,16,"Meat, fish, crustaceans, molluscs or other aquatic invertebrates, or insects; preparations thereof",2,C00,TOTAL CPC,TOTAL MOT,0.0,0.0,0.0,0.0,8130905943,7693455518.0,8130905943,4,False
C,A,20220101,2022,52,2022,842,USA,USA,M,Import,W00,World,W00,World,H6,HS,True,12,"Oil seeds and oleaginous fruits; miscellaneous grains, seeds and fruit, industrial or medicinal plants; straw and fodder",2,C00,TOTAL CPC,TOTAL MOT,0.0,0.0,0.0,0.0,3515908546,3326262734.0,3515908546,4,False
C,A,20220101,2022,52,2022,842,USA,USA,M,Import,W00,World,W00,World,H6,HS,True,5,Animal originated products; not elsewhere specified or included,2,C00,TOTAL CPC,TOTAL MOT,0.0,0.0,0.0,0.0,1390170219,1300454184.0,1390170219,4,False
C,A,20220101,2022,52,2022,842,USA,USA,M,Import,W00,World,W00,World,H6,HS,True,6,"Trees and other plants, live; bulbs, roots and the like; cut flowers and ornamental foliage",2,C00,TOTAL CPC,TOTAL MOT,0.0,0.0,0.0,0.0,3950208824,3323843494.0,3950208824,4,False
C,A,20220101,2022,52,2022,842,USA,USA,M,Import,W00,World,W00,World,H6,HS,True,25,"Salt; sulphur; earths, stone; plastering materials, lime and cement",2,C00,TOTAL CPC,TOTAL MOT,0.0,0.0,0.0,0.0,6644946070,5538120802.0,6644946070,4,False
C,A,20220101,2022,52,2022,842,USA,USA,M,Import,W00,World,W00,World,H6,HS,True,24,"Tobacco and manufactured tobacco substitutes; products, whether or not containing nicotine, intended for inhalation without combustion; other nicotine containing products intended for the intake of nicotine into the human body",2,C00,TOTAL CPC,TOTAL MOT,0.0,0.0,0.0,0.0,2855603964,2754919932.0,2855603964,0,False
C,A,20220101,2022,52,2022,842,USA,USA,M,Import,W00,World,W00,World,H6,HS,True,7,Vegetables and certain roots and tubers; edible,2,C00,TOTAL CPC,TOTAL MOT,0.0,0.0,0.0,0.0,14744347385,13893538344.0,14744347385,4,False
C,A,20220101,2022,52,2022,842,USA,USA,M,Import,W00,World,W00,World,H6,HS,True,1,Animals; live,2,C00,TOTAL CPC,TOTAL MOT,0.0,0.0,,0.0,3686855821,3633731582.0,3686855821,0,False
C,A,20220101,2022,52,2022,842,USA,USA,M,Import,W00,World,W00,World,H6,HS,True,4,"Dairy produce; birds' eggs; natural honey; edible products of animal origin, not elsewhere specified or included",2,C00,TOTAL CPC,TOTAL MOT,0.0,0.0,,0.0,3858466481,3653618506.0,3858466481,0,False
C,A,20220101,2022,52,2022,842,USA,USA,M,Import,W00,World,W00,World,H6,HS,True,21,Miscellaneous edible preparations,2,C00,TOTAL CPC,TOTAL MOT,0.0,0.0,0.0,0.0,13107005908,12514033614.0,13107005908,4,False
C,A,20220101,2022,52,2022,842,USA,USA,M,Import,W00,World,W00,World,H6,HS,True,9,"Coffee, tea, mate and spices",2,C00,TOTAL CPC,TOTAL MOT,0.0,0.0,0.0,0.0,12493454488,11971805997.0,12493454488,4,False
C,A,20230101,2023,52,2023,842,USA,USA,M,Import,W00,World,W00,World,H6,HS,True,1,Animals; live,2,C00,TOTAL CPC,TOTAL MOT,0.0,0.0,,0.0,4056240843,4006506143.0,4056240843,0,False
C,A,20230101,2023,52,2023,842,USA,USA,M,Import,W00,World,W00,World,H6,HS,True,22,"Beverages, spirits and vinegar",2,C00,TOTAL CPC,TOTAL MOT,0.0,0.0,,0.0,30960903947,29704667385.0,30960903947,0,False
C,A,20230101,2023,52,2023,842,USA,USA,M,Import,W00,World,W00,World,H6,HS,True,4,"Dairy produce; birds' eggs; natural honey; edible products of animal origin, not elsewhere specified or included",2,C00,TOTAL CPC,TOTAL MOT,0.0,0.0,0.0,0.0,3966288470,3806573118.0,3966288470,4,False
C,A,20230101,2023,52,2023,842,USA,USA,M,Import,W00,World,W00,World,H6,HS,True,7,Vegetables and certain roots and tubers; edible,2,C00,TOTAL CPC,TOTAL MOT,0.0,0.0,0.0,0.0,15444295062,14688158540.0,15444295062,4,False
C,A,20230101,2023,52,2023,842,USA,USA,M,Import,W00,World,W00,World,H6,HS,True,21,Miscellaneous edible preparations,2,C00,TOTAL CPC,TOTAL MOT,0.0,0.0,0.0,0.0,11932595076,11554545484.0,11932595076,4,False
C,A,20230101,2023,52,2023,842,USA,USA,M,Import,W00,World,W00,World,H6,HS,True,24,"Tobacco and manufactured tobacco substitutes; products, whether or not containing nicotine, intended for inhalation without combustion; other nicotine containing products intended for the intake of nicotine into the human body",2,C00,TOTAL CPC,TOTAL MOT,0.0,0.0,0.0,0.0,2992003097,2915472403.0,2992003097,4,False
C,A,20230101,2023,52,2023,842,USA,USA,M,Import,W00,World,W00,World,H6,HS,True,5,Animal originated products; not elsewhere specified or included,2,C00,TOTAL CPC,TOTAL MOT,0.0,0.0,0.0,0.0,1243410525,1182644356.0,1243410525,4,False
C,A,20230101,2023,52,2023,842,USA,USA,M,Import,W00,World,W00,World,H6,HS,True,6,"Trees and other plants, live; bulbs, roots and the like; cut flowers and ornamental foliage",2,C00,TOTAL CPC,TOTAL MOT,0.0,0.0,0.0,0.0,4001749267,3413118642.0,4001749267,4,False
C,A,20230101,2023,52,2023,842,USA,USA,M,Import,W00,World,W00,World,H6,HS,True,8,"Fruit and nuts, edible; peel of citrus fruit or melons",2,C00,TOTAL CPC,TOTAL MOT,0.0,0.0,0.0,0.0,24218490026,22376517629.0,24218490026,4,False
C,A,20230101,2023,52,2023,842,USA,USA,M,Import,W00,World,W00,World,H6,HS,True,9,"Coffee, tea, mate and spices",2,C00,TOTAL CPC,TOTAL MOT,0.0,0.0,0.0,0.0,10558710454,10253568954.0,10558710454,4,False
C,A,20230101,2023,52,2023,842,USA,USA,M,Import,W00,World,W00,World,H6,HS,True,12,"Oil seeds and oleaginous fruits; miscellaneous grains, seeds and fruit, industrial or medicinal plants; straw and fodder",2,C00,TOTAL CPC,TOTAL MOT,0.0,0.0,0.0,0.0,3188508895,3064019596.0,3188508895,4,False
C,A,20230101,2023,52,2023,842,USA,USA,M,Import,W00,World,W00,World,H6,HS,True,19,"Preparations of cereals, flour, starch or milk; pastrycooks' products",2,C00,TOTAL CPC,TOTAL MOT,0.0,0.0,0.0,0.0,14836798069,14289326033.0,14836798069,4,False
C,A,20230101,2023,52,2023,842,USA,USA,M,Import,W00,World,W00,World,H6,HS,True,20,"Preparations of vegetables, fruit, nuts or other parts of plants",2,C00,TOTAL CPC,TOTAL MOT,0.0,0.0,0.0,0.0,13570806344,12731960599.0,13570806344,4,False
C,A,20230101,2023,52,2023,842,USA,USA,M,Import,W00,World,W00,World,H6,HS,True,23,"Food industries, residues and wastes thereof; prepared animal fodder",2,C00,TOTAL CPC,TOTAL MOT,0.0,0.0,0.0,0.0,5116393394,4915089249.0,5116393394,4,False
C,A,20230101,2023,52,2023,842,USA,USA,M,Import,W00,World,W00,World,H6,HS,True,25,"Salt; sulphur; earths, stone; plastering materials, lime and cement",2,C00,TOTAL CPC,TOTAL MOT,0.0,0.0,0.0,0.0,6187971946,5173650790.0,6187971946,4,False
C,A,20230101,2023,52,2023,842,USA,USA,M,Import,W00,World,W00,World,H6,HS,True,15,"Animal, vegetable or microbial fats and oils and their cleavage products; prepared edible fats; animal or vegetable waxes",2,C00,TOTAL CPC,TOTAL MOT,0.0,0.0,0.0,0.0,15652635913,15281886402.0,15652635913,4,False
C,A,20230101,2023,52,2023,842,USA,USA,M,Import,W00,World,W00,World,H6,HS,True,18,Cocoa and cocoa preparations,2,C00,TOTAL CPC,TOTAL MOT,0.0,0.0,0.0,0.0,6370821991,6174948928.0,6370821991,4,False
C,A,20230101,2023,52,2023,842,USA,USA,M,Import,W00,World,W00,World,H6,HS,True,11,"Products of the milling industry; malt, starches, inulin, wheat gluten",2,C00,TOTAL CPC,TOTAL MOT,0.0,0.0,0.0,0.0,2827672973,2659904899.0,2827672973,4,False
C,A,20230101,2023,52,2023,842,USA,USA,M,Import,W00,World,W00,World,H6,HS,True,14,Vegetable plaiting materials; vegetable products not elsewhere specified or included,2,C00,TOTAL CPC,TOTAL MOT,0.0,0.0,0.0,0.0,161663953,150214455.0,161663953,4,False
C,A,20230101,2023,52,2023,842,USA,USA,M,Import,W00,World,W00,World,H6,HS,True,17,Sugars and sugar confectionery,2,C00,TOTAL CPC,TOTAL MOT,0.0,0.0,0.0,0.0,6938019228,6684523703.0,6938019228,4,False
C,A,20230101,2023,52,2023,842,USA,USA,M,Import,W00,World,W00,World,H6,HS,True,10,Cereals,2,C00,TOTAL CPC,TOTAL MOT,0.0,0.0,0.0,0.0,3588073727,3408686455.0,3588073727,4,False
C,A,20230101,2023,52,2023,842,USA,USA,M,Import,W00,World,W00,World,H6,HS,True,13,"Lac; gums, resins and other vegetable saps and extracts",2,C00,TOTAL CPC,TOTAL MOT,0.0,0.0,0.0,0.0,1621001415,1572860590.0,1621001415,4,False
C,A,20230101,2023,52,2023,842,USA,USA,M,Import,W00,World,W00,World,H6,HS,True,2,Meat and edible meat offal,2,C00,TOTAL CPC,TOTAL MOT,0.0,0.0,0.0,0.0,12452072203,12229912939.0,12452072203,0,False
C,A,20230101,2023,52,2023,842,USA,USA,M,Import,W00,World,W00,World,H6,HS,True,16,"Meat, fish, crustaceans, molluscs or other aquatic invertebrates, or insects; preparations thereof",2,C00,TOTAL CPC,TOTAL MOT,0.0,0.0,0.0,0.0,6814861518,6619797428.0,6814861518,0,False
C,A,20230101,2023,52,2023,842,USA,USA,M,Import,W00,World,W00,World,H6,HS,True,3,"Fish and crustaceans, molluscs and other aquatic invertebrates",2,C00,TOTAL CPC,TOTAL MOT,0.0,0.0,0.0,0.0,21135060798,19873187318.0,21135060798,0,False
C,A,20240101,2024,52,2024,842,USA,USA,M,Import,W00,World,W00,World,H6,HS,True,1,Animals; live,2,C00,TOTAL CPC,TOTAL MOT,0.0,0.0,,0.0,4804903061,4752278153.0,4804903061,0,False
C,A,20240101,2024,52,2024,842,USA,USA,M,Import,W00,World,W00,World,H6,HS,True,15,"Animal, vegetable or microbial fats and oils and their cleavage products; prepared edible fats; animal or vegetable waxes",2,C00,TOTAL CPC,TOTAL MOT,0.0,0.0,0.0,0.0,17204096570,16719115090.0,17204096570,4,False
C,A,20240101,2024,52,2024,842,USA,USA,M,Import,W00,World,W00,World,H6,HS,True,18,Cocoa and cocoa preparations,2,C00,TOTAL CPC,TOTAL MOT,0.0,0.0,0.0,0.0,8252795293,8096772412.0,8252795293,4,False
C,A,20240101,2024,52,2024,842,USA,USA,M,Import,W00,World,W00,World,H6,HS,True,4,"Dairy produce; birds' eggs; natural honey; edible products of animal origin, not elsewhere specified or included",2,C00,TOTAL CPC,TOTAL MOT,0.0,0.0,0.0,0.0,4489650549,4338869487.0,4489650549,4,False
C,A,20240101,2024,52,2024,842,USA,USA,M,Import,W00,World,W00,World,H6,HS,True,7,Vegetables and certain roots and tubers; edible,2,C00,TOTAL CPC,TOTAL MOT,0.0,0.0,0.0,0.0,16518533908,15686263366.0,16518533908,4,False
C,A,20240101,2024,52,2024,842,USA,USA,M,Import,W00,World,W00,World,H6,HS,True,21,Miscellaneous edible preparations,2,C00,TOTAL CPC,TOTAL MOT,0.0,0.0,0.0,0.0,12738160169,12319145455.0,12738160169,4,False
C,A,20240101,2024,52,2024,842,USA,USA,M,Import,W00,World,W00,World,H6,HS,True,24,"Tobacco and manufactured tobacco substitutes; products, whether or not containing nicotine, intended for inhalation without combustion; other nicotine containing products intended for the intake of nicotine into the human body",2,C00,TOTAL CPC,TOTAL MOT,0.0,0.0,0.0,0.0,3435896185,3287677702.0,3435896185,4,False
C,A,20240101,2024,52,2024,842,USA,USA,M,Import,W00,World,W00,World,H6,HS,True,2,Meat and edible meat offal,2,C00,TOTAL CPC,TOTAL MOT,0.0,0.0,0.0,0.0,15270063945,15007727507.0,15270063945,0,False
C,A,20240101,2024,52,2024,842,USA,USA,M,Import,W00,World,W00,World,H6,HS,True,16,"Meat, fish, crustaceans, molluscs or other aquatic invertebrates, or insects; preparations thereof",2,C00,TOTAL CPC,TOTAL MOT,0.0,0.0,0.0,0.0,7042111554,6825492489.0,7042111554,0,False
C,A,20240101,2024,52,2024,842,USA,USA,M,Import,W00,World,W00,World,H6,HS,True,13,"Lac; gums, resins and other vegetable saps and extracts",2,C00,TOTAL CPC,TOTAL MOT,0.0,0.0,0.0,0.0,1814153208,1764062324.0,1814153208,0,False
C,A,20240101,2024,52,2024,842,USA,USA,M,Import,W00,World,W00,World,H6,HS,True,3,"Fish and crustaceans, molluscs and other aquatic invertebrates",2,C00,TOTAL CPC,TOTAL MOT,0.0,0.0,0.0,0.0,21023436311,19733973761.0,21023436311,4,False
C,A,20240101,2024,52,2024,842,USA,USA,M,Import,W00,World,W00,World,H6,HS,True,5,Animal originated products; not elsewhere specified or included,2,C00,TOTAL CPC,TOTAL MOT,0.0,0.0,0.0,0.0,1254980418,1196953264.0,1254980418,4,False
C,A,20240101,2024,52,2024,842,USA,USA,M,Import,W00,World,W00,World,H6,HS,True,6,"Trees and other plants, live; bulbs, roots and the like; cut flowers and ornamental foliage",2,C00,TOTAL CPC,TOTAL MOT,0.0,0.0,0.0,0.0,4156077152,3632980919.0,4156077152,4,False
C,A,20240101,2024,52,2024,842,USA,USA,M,Import,W00,World,W00,World,H6,HS,True,8,"Fruit and nuts, edible; peel of citrus fruit or melons",2,C00,TOTAL CPC,TOTAL MOT,0.0,0.0,0.0,0.0,26024547758,24029502904.0,26024547758,4,False
C,A,20240101,2024,52,2024,842,USA,USA,M,Import,W00,World,W00,World,H6,HS,True,9,"Coffee, tea, mate and spices",2,C00,TOTAL CPC,TOTAL MOT,0.0,0.0,0.0,0.0,11702522300,11417144544.0,11702522300,4,False
C,A,20240101,2024,52,2024,842,USA,USA,M,Import,W00,World,W00,World,H6,HS,True,11,"Products of the milling industry; malt, starches, inulin, wheat gluten",2,C00,TOTAL CPC,TOTAL MOT,0.0,0.0,0.0,0.0,2687093098,2538145014.0,2687093098,4,False
C,A,20240101,2024,52,2024,842,USA,USA,M,Import,W00,World,W00,World,H6,HS,True,12,"Oil seeds and oleaginous fruits; miscellaneous grains, seeds and fruit, industrial or medicinal plants; straw and fodder",2,C00,TOTAL CPC,TOTAL MOT,0.0,0.0,0.0,0.0,2940076602,2808856341.0,2940076602,4,False
C,A,20240101,2024,52,2024,842,USA,USA,M,Import,W00,World,W00,World,H6,HS,True,14,Vegetable plaiting materials; vegetable products not elsewhere specified or included,2,C00,TOTAL CPC,TOTAL MOT,0.0,0.0,0.0,0.0,201079478,187607956.0,201079478,4,False
C,A,20240101,2024,52,2024,842,USA,USA,M,Import,W00,World,W00,World,H6,HS,True,17,Sugars and sugar confectionery,2,C00,TOTAL CPC,TOTAL MOT,0.0,0.0,0.0,0.0,7174739686,6922239593.0,7174739686,4,False
C,A,20240101,2024,52,2024,842,USA,USA,M,Import,W00,World,W00,World,H6,HS,True,19,"Preparations of cereals, flour, starch or milk; pastrycooks' products",2,C00,TOTAL CPC,TOTAL MOT,0.0,0.0,0.0,0.0,16376738738,15790302793.0,16376738738,4,False
C,A,20240101,2024,52,2024,842,USA,USA,M,Import,W00,World,W00,World,H6,HS,True,20,"Preparations of vegetables, fruit, nuts or other parts of plants",2,C00,TOTAL CPC,TOTAL MOT,0.0,0.0,0.0,0.0,15218742454,14339847176.0,15218742454,4,False
C,A,20240101,2024,52,2024,842,USA,USA,M,Import,W00,World,W00,World,H6,HS,True,22,"Beverages, spirits and vinegar",2,C00,TOTAL CPC,TOTAL MOT,0.0,0.0,0.0,0.0,32602682791,31431296174.0,32602682791,4,False
C,A,20240101,2024,52,2024,842,USA,USA,M,Import,W00,World,W00,World,H6,HS,True,23,"Food industries, residues and wastes thereof; prepared animal fodder",2,C00,TOTAL CPC,TOTAL MOT,0.0,0.0,0.0,0.0,5454142181,5210549088.0,5454142181,4,False
C,A,20240101,2024,52,2024,842,USA,USA,M,Import,W00,World,W00,World,H6,HS,True,25,"Salt; sulphur; earths, stone; plastering materials, lime and cement",2,C00,TOTAL CPC,TOTAL MOT,0.0,0.0,0.0,0.0,5861227311,4876092253.0,5861227311,4,False
C,A,20240101,2024,52,2024,842,USA,USA,M,Import,W00,World,W00,World,H6,HS,True,10,Cereals,2,C00,TOTAL CPC,TOTAL MOT,0.0,0.0,0.0,0.0,3325239129,3125366908.0,3325239129,4,False
